KEY,Description,en,es,fr,ru,vi,zh-CN
cancel,,Cancel,Cancelar,Annuler,ĞÑ‚Ğ¼ĞµĞ½Ğ°,Huá»· Bá»,å–æ¶ˆ
close,,Close,Cerrar,Fermer,Ğ—Ğ°ĞºÑ€Ñ‹Ñ‚ÑŒ,ÄÃ³ng,å…³é—­
chat.alert.deleteThread.description,,"Are you sure you want to delete ""{name}""?
This action cannot be undone.","Â¿EstÃ¡s seguro de que quieres eliminar ""{name}""?
Esta acciÃ³n no se puede deshacer.","ÃŠtes-vous sÃ»r de vouloir supprimer ""{name}"" ?
Cette action ne peut pas Ãªtre annulÃ©e.","Ğ’Ñ‹ ÑƒĞ²ĞµÑ€ĞµĞ½Ñ‹, Ñ‡Ñ‚Ğ¾ Ñ…Ğ¾Ñ‚Ğ¸Ñ‚Ğµ ÑƒĞ´Ğ°Ğ»Ğ¸Ñ‚ÑŒ ""{name}""?
Ğ­Ñ‚Ğ¾ Ğ´ĞµĞ¹ÑÑ‚Ğ²Ğ¸Ğµ Ğ½ĞµĞ»ÑŒĞ·Ñ Ğ±ÑƒĞ´ĞµÑ‚ Ğ¾Ñ‚Ğ¼ĞµĞ½Ğ¸Ñ‚ÑŒ.","Báº¡n cÃ³ cháº¯c cháº¯n muá»‘n xÃ³a ""{name}"" khÃ´ng?
HÃ nh Ä‘á»™ng nÃ y khÃ´ng thá»ƒ hoÃ n tÃ¡c.","æ‚¨ç¡®å®šè¦åˆ é™¤â€œ{name}â€å—ï¼Ÿ
æ­¤æ“ä½œæ— æ³•æ’¤é”€ã€‚"
chat.alert.deleteThread.title,,Delete Thread,Eliminar conversaciÃ³n,Supprimer la conversation,Ğ£Ğ´Ğ°Ğ»Ğ¸Ñ‚ÑŒ Ñ‚ĞµĞ¼Ñƒ,XÃ³a Chá»§ Äá»,åˆ é™¤è¯é¢˜
chat.alert.shareThread.description,,"Are you sure you want to share ""{name}""?
The recipient will have full access including deleting and viewing the history and future of the thread.","Â¿EstÃ¡s seguro de que quieres compartir ""{name}""?
El destinatario tendrÃ¡ acceso completo, incluyendo la posibilidad de eliminar y ver el historial y futuro del hilo.","ÃŠtes-vous sÃ»r de vouloir partager ""{name}"" ?
Le destinataire aura un accÃ¨s complet, y compris la possibilitÃ© de supprimer et de consulter l'historique et les futures conversations du fil.","Ğ’Ñ‹ ÑƒĞ²ĞµÑ€ĞµĞ½Ñ‹, Ñ‡Ñ‚Ğ¾ Ñ…Ğ¾Ñ‚Ğ¸Ñ‚Ğµ Ğ¿Ğ¾Ğ´ĞµĞ»Ğ¸Ñ‚ÑŒÑÑ ""{name}""?
ĞŸĞ¾Ğ»ÑƒÑ‡Ğ°Ñ‚ĞµĞ»ÑŒ Ğ¿Ğ¾Ğ»ÑƒÑ‡Ğ¸Ñ‚ Ğ¿Ğ¾Ğ»Ğ½Ñ‹Ğ¹ Ğ´Ğ¾ÑÑ‚ÑƒĞ¿, Ğ²ĞºĞ»ÑÑ‡Ğ°Ñ Ğ²Ğ¾Ğ·Ğ¼Ğ¾Ğ¶Ğ½Ğ¾ÑÑ‚ÑŒ ÑƒĞ´Ğ°Ğ»ĞµĞ½Ğ¸Ñ, Ğ¿Ñ€Ğ¾ÑĞ¼Ğ¾Ñ‚Ñ€Ğ° Ğ¸ÑÑ‚Ğ¾Ñ€Ğ¸Ğ¸ Ğ¸ Ğ±ÑƒĞ´ÑƒÑ‰ĞµĞ³Ğ¾ ÑÑ‚Ğ¾Ğ¹ Ñ‚ĞµĞ¼Ñ‹.","Báº¡n cÃ³ cháº¯c cháº¯n muá»‘n chia sáº» ""{name}""?
NgÆ°á»i nháº­n sáº½ cÃ³ toÃ n quyá»n truy cáº­p bao gá»“m xÃ³a vÃ  xem lá»‹ch sá»­ cÅ©ng nhÆ° tÆ°Æ¡ng lai cá»§a cuá»™c trÃ² chuyá»‡n.","æ‚¨ç¡®å®šè¦åˆ†äº«â€œ{name}â€å—ï¼Ÿ
æ¥æ”¶è€…å°†æ‹¥æœ‰å®Œå…¨çš„è®¿é—®æƒé™ï¼ŒåŒ…æ‹¬åˆ é™¤ä»¥åŠæŸ¥çœ‹è¯¥çº¿ç¨‹çš„å†å²å’Œæœªæ¥å†…å®¹ã€‚"
chat.alert.shareThread.descriptionDanger,,"Are you sure you want to share ""{name}""?
The recipient will have full access including deleting and viewing the history and future of the thread.
The thread currently are also not assigned to any user account, its ownership will be transferred to the first user account that joins the thread.","Â¿EstÃ¡s seguro de que quieres compartir ""{name}""?
El destinatario tendrÃ¡ acceso completo, incluyendo la posibilidad de eliminar y ver el historial y futuro del hilo.
Actualmente, el hilo no estÃ¡ asignado a ninguna cuenta de usuario, su propiedad se transferirÃ¡ a la primera cuenta de usuario que se una al hilo.","ÃŠtes-vous sÃ»r de vouloir partager ""{name}"" ?
Le destinataire aura un accÃ¨s complet, y compris la possibilitÃ© de supprimer et de consulter l'historique et les futures conversations du fil.
Actuellement, ce fil n'est associÃ© Ã  aucun compte utilisateur, sa propriÃ©tÃ© sera transfÃ©rÃ©e au premier compte utilisateur qui rejoindra le fil.","Ğ’Ñ‹ ÑƒĞ²ĞµÑ€ĞµĞ½Ñ‹, Ñ‡Ñ‚Ğ¾ Ñ…Ğ¾Ñ‚Ğ¸Ñ‚Ğµ Ğ¿Ğ¾Ğ´ĞµĞ»Ğ¸Ñ‚ÑŒÑÑ ""{name}""?
ĞŸĞ¾Ğ»ÑƒÑ‡Ğ°Ñ‚ĞµĞ»ÑŒ Ğ¿Ğ¾Ğ»ÑƒÑ‡Ğ¸Ñ‚ Ğ¿Ğ¾Ğ»Ğ½Ñ‹Ğ¹ Ğ´Ğ¾ÑÑ‚ÑƒĞ¿, Ğ²ĞºĞ»ÑÑ‡Ğ°Ñ Ğ²Ğ¾Ğ·Ğ¼Ğ¾Ğ¶Ğ½Ğ¾ÑÑ‚ÑŒ ÑƒĞ´Ğ°Ğ»ĞµĞ½Ğ¸Ñ, Ğ¿Ñ€Ğ¾ÑĞ¼Ğ¾Ñ‚Ñ€Ğ° Ğ¸ÑÑ‚Ğ¾Ñ€Ğ¸Ğ¸ Ğ¸ Ğ±ÑƒĞ´ÑƒÑ‰ĞµĞ³Ğ¾ ÑÑ‚Ğ¾Ğ¹ Ñ‚ĞµĞ¼Ñ‹.
Ğ’ Ğ½Ğ°ÑÑ‚Ğ¾ÑÑ‰ĞµĞµ Ğ²Ñ€ĞµĞ¼Ñ ÑÑ‚Ğ° Ñ‚ĞµĞ¼Ğ° Ñ‚Ğ°ĞºĞ¶Ğµ Ğ½Ğµ Ğ¿Ñ€Ğ¸Ğ²ÑĞ·Ğ°Ğ½Ğ° Ğ½Ğ¸ Ğº Ğ¾Ğ´Ğ½Ğ¾Ğ¹ ÑƒÑ‡ĞµÑ‚Ğ½Ğ¾Ğ¹ Ğ·Ğ°Ğ¿Ğ¸ÑĞ¸ Ğ¿Ğ¾Ğ»ÑŒĞ·Ğ¾Ğ²Ğ°Ñ‚ĞµĞ»Ñ, Ğ¸ ĞµÑ‘ Ğ²Ğ»Ğ°Ğ´ĞµĞ½Ğ¸Ğµ Ğ±ÑƒĞ´ĞµÑ‚ Ğ¿ĞµÑ€ĞµĞ´Ğ°Ğ½Ğ¾ Ğ¿ĞµÑ€Ğ²Ğ¾Ğ¹ ÑƒÑ‡ĞµÑ‚Ğ½Ğ¾Ğ¹ Ğ·Ğ°Ğ¿Ğ¸ÑĞ¸ Ğ¿Ğ¾Ğ»ÑŒĞ·Ğ¾Ğ²Ğ°Ñ‚ĞµĞ»Ñ, ĞºĞ¾Ñ‚Ğ¾Ñ€Ğ°Ñ Ğ¿Ñ€Ğ¸ÑĞ¾ĞµĞ´Ğ¸Ğ½Ğ¸Ñ‚ÑÑ Ğº Ñ‚ĞµĞ¼Ğµ.","Báº¡n cÃ³ cháº¯c cháº¯n muá»‘n chia sáº» ""{name}""?
NgÆ°á»i nháº­n sáº½ cÃ³ toÃ n quyá»n truy cáº­p bao gá»“m xÃ³a vÃ  xem lá»‹ch sá»­ cÅ©ng nhÆ° tÆ°Æ¡ng lai cá»§a cuá»™c trÃ² chuyá»‡n.
Hiá»‡n táº¡i cuá»™c trÃ² chuyá»‡n nÃ y chÆ°a Ä‘Æ°á»£c gÃ¡n cho báº¥t ká»³ tÃ i khoáº£n ngÆ°á»i dÃ¹ng nÃ o, quyá»n sá»Ÿ há»¯u sáº½ Ä‘Æ°á»£c chuyá»ƒn cho tÃ i khoáº£n ngÆ°á»i dÃ¹ng Ä‘áº§u tiÃªn tham gia vÃ o cuá»™c trÃ² chuyá»‡n.","æ‚¨ç¡®å®šè¦åˆ†äº«â€œ{name}â€å—ï¼Ÿ
æ¥æ”¶è€…å°†æ‹¥æœ‰å®Œå…¨çš„è®¿é—®æƒé™ï¼ŒåŒ…æ‹¬åˆ é™¤ä»¥åŠæŸ¥çœ‹è¯¥çº¿ç¨‹çš„å†å²å’Œæœªæ¥å†…å®¹ã€‚
ç›®å‰è¯¥çº¿ç¨‹æœªåˆ†é…ç»™ä»»ä½•ç”¨æˆ·è´¦æˆ·ï¼Œå…¶æ‰€æœ‰æƒå°†è½¬ç§»ç»™ç¬¬ä¸€ä¸ªåŠ å…¥è¯¥çº¿ç¨‹çš„ç”¨æˆ·è´¦æˆ·ã€‚"
chat.alert.shareThread.title,,Share Thread,Compartir hilo,Partager la discussion,ĞŸĞ¾Ğ´ĞµĞ»Ğ¸Ñ‚ÑŒÑÑ Ğ´Ğ¸ÑĞºÑƒÑÑĞ¸ĞµĞ¹,Chia sáº» chá»§ Ä‘á»,å…±äº«çº¿ç¨‹
chat.components.chatSearchDialog.enterToSend.p2,,to start new chat,para iniciar nuevo chat,pour dÃ©marrer une nouvelle conversation,Ñ‡Ñ‚Ğ¾Ğ±Ñ‹ Ğ½Ğ°Ñ‡Ğ°Ñ‚ÑŒ Ğ½Ğ¾Ğ²Ñ‹Ğ¹ Ñ‡Ğ°Ñ‚,Ä‘á»ƒ báº¯t Ä‘áº§u cuá»™c trÃ² chuyá»‡n má»›i,å¼€å§‹æ–°èŠå¤©
chat.components.chatSearchDialog.noResultsFound,,No results found.,No se encontraron resultados.,Aucun rÃ©sultat trouvÃ©.,Ğ ĞµĞ·ÑƒĞ»ÑŒÑ‚Ğ°Ñ‚Ñ‹ Ğ½Ğµ Ğ½Ğ°Ğ¹Ğ´ĞµĞ½Ñ‹.,KhÃ´ng tÃ¬m tháº¥y káº¿t quáº£ nÃ o.,æœªæ‰¾åˆ°ç»“æœã€‚
chat.components.chatSearchDialog.placeholder,,Select or enter a message for a new chat!,Â¡Selecciona o introduce un mensaje para un nuevo chat!,SÃ©lectionnez ou saisissez un message pour une nouvelle conversation !,Ğ’Ñ‹Ğ±ĞµÑ€Ğ¸Ñ‚Ğµ Ğ¸Ğ»Ğ¸ Ğ²Ğ²ĞµĞ´Ğ¸Ñ‚Ğµ ÑĞ¾Ğ¾Ğ±Ñ‰ĞµĞ½Ğ¸Ğµ Ğ´Ğ»Ñ Ğ½Ğ¾Ğ²Ğ¾Ğ³Ğ¾ Ñ‡Ğ°Ñ‚Ğ°!,Chá»n hoáº·c nháº­p tin nháº¯n cho cuá»™c trÃ² chuyá»‡n má»›i!,é€‰æ‹©æˆ–è¾“å…¥ä¸€æ¡æ¶ˆæ¯ä»¥å¼€å§‹æ–°çš„èŠå¤©ï¼
chat.interface.selectOrStart,,Select a chat or start a new one.,Selecciona un chat o inicia uno nuevo.,SÃ©lectionnez une conversation ou commencez-en une nouvelle.,Ğ’Ñ‹Ğ±ĞµÑ€Ğ¸Ñ‚Ğµ Ñ‡Ğ°Ñ‚ Ğ¸Ğ»Ğ¸ Ğ½Ğ°Ñ‡Ğ½Ğ¸Ñ‚Ğµ Ğ½Ğ¾Ğ²Ñ‹Ğ¹.,Chá»n má»™t cuá»™c trÃ² chuyá»‡n hoáº·c báº¯t Ä‘áº§u cuá»™c trÃ² chuyá»‡n má»›i.,é€‰æ‹©ä¸€ä¸ªèŠå¤©æˆ–å¼€å§‹æ–°çš„èŠå¤©ã€‚
chat.interface.sendToStart,,Send a message to start chatting.,EnvÃ­a un mensaje para comenzar a chatear.,Envoyez un message pour commencer la conversation.,"ĞÑ‚Ğ¿Ñ€Ğ°Ğ²ÑŒÑ‚Ğµ ÑĞ¾Ğ¾Ğ±Ñ‰ĞµĞ½Ğ¸Ğµ, Ñ‡Ñ‚Ğ¾Ğ±Ñ‹ Ğ½Ğ°Ñ‡Ğ°Ñ‚ÑŒ Ğ¾Ğ±Ñ‰ĞµĞ½Ğ¸Ğµ.",Gá»­i tin nháº¯n Ä‘á»ƒ báº¯t Ä‘áº§u trÃ² chuyá»‡n.,å‘é€æ¶ˆæ¯ä»¥å¼€å§‹èŠå¤©ã€‚
chat.message.branch,,Branch off,Crear ramificaciÃ³n,CrÃ©er une branche,Ğ¡Ğ¾Ğ·Ğ´Ğ°Ñ‚ÑŒ Ğ²ĞµÑ‚ĞºÑƒ,Táº¡o nhÃ¡nh,åˆ†æ”¯è¯é¢˜
chat.message.copy,,Copy message,Copiar mensaje,Copier le message,ĞšĞ¾Ğ¿Ğ¸Ñ€Ğ¾Ğ²Ğ°Ñ‚ÑŒ ÑĞ¾Ğ¾Ğ±Ñ‰ĞµĞ½Ğ¸Ğµ,Sao chÃ©p tin nháº¯n,å¤åˆ¶æ¶ˆæ¯
chat.multiStreamConfirmDialog.description,,"Sending follow-up messages about in-streaming messages can cause the model to be confused, continue?","Enviar mensajes de seguimiento sobre mensajes en transmisiÃ³n puede confundir al modelo, Â¿continuar?","L'envoi de messages de suivi concernant des messages en cours de diffusion peut perturber le modÃ¨le, continuer ?",ĞÑ‚Ğ¿Ñ€Ğ°Ğ²ĞºĞ° Ğ¿Ğ¾ÑĞ»ĞµĞ´ÑƒÑÑ‰Ğ¸Ñ… ÑĞ¾Ğ¾Ğ±Ñ‰ĞµĞ½Ğ¸Ğ¹ Ğ¾ ÑĞ¾Ğ¾Ğ±Ñ‰ĞµĞ½Ğ¸ÑÑ… Ğ² Ğ¿Ğ¾Ñ‚Ğ¾ĞºĞµ Ğ¼Ğ¾Ğ¶ĞµÑ‚ Ğ²Ñ‹Ğ·Ğ²Ğ°Ñ‚ÑŒ Ğ¿ÑƒÑ‚Ğ°Ğ½Ğ¸Ñ†Ñƒ Ñƒ Ğ¼Ğ¾Ğ´ĞµĞ»Ğ¸. ĞŸÑ€Ğ¾Ğ´Ğ¾Ğ»Ğ¶Ğ¸Ñ‚ÑŒ?,"Viá»‡c gá»­i tin nháº¯n tiáº¿p theo vá» cÃ¡c tin nháº¯n Ä‘ang trong quÃ¡ trÃ¬nh phÃ¡t cÃ³ thá»ƒ khiáº¿n mÃ´ hÃ¬nh bá»‹ nháº§m láº«n, báº¡n cÃ³ muá»‘n tiáº¿p tá»¥c khÃ´ng?",å‘é€å…³äºæ­£åœ¨æµå¼ä¼ è¾“æ¶ˆæ¯çš„åç»­æ¶ˆæ¯å¯èƒ½ä¼šå¯¼è‡´æ¨¡å‹æ··æ·†ï¼Œæ˜¯å¦ç»§ç»­ï¼Ÿ
chat.multiStreamConfirmDialog.title,,There are messages still streaming,Hay mensajes que aÃºn se estÃ¡n generando,Des messages sont encore en cours de gÃ©nÃ©ration,Ğ¡Ğ¾Ğ¾Ğ±Ñ‰ĞµĞ½Ğ¸Ñ Ğ²ÑĞµ ĞµÑ‰Ğµ Ğ¿ĞµÑ€ĞµĞ´Ğ°ÑÑ‚ÑÑ,Váº«n cÃ²n tin nháº¯n Ä‘ang Ä‘Æ°á»£c táº¡o,ä»æœ‰æ¶ˆæ¯æ­£åœ¨ç”Ÿæˆ
chat.provider.groq,,Groq,Groq,Groq,Groq,Groq,Groq
chat.provider.google,,Google,Google,Google,Google,Google,Google
chat.provider.anthropic,,Anthropic,Anthropic,Anthropic,Anthropic,Anthropic,Anthropic
chat.provider.hosted,,Hosted,Alojado (H),HÃ©bergÃ©,Ğ£Ğ¿Ñ€Ğ°Ğ²Ğ»ÑĞµĞ¼Ñ‹Ğ¹ (H),ÄÆ°á»£c cung cáº¥p (H),æ‰˜ç®¡ (H)
chat.provider.openai,,OpenAI,OpenAI,OpenAI,OpenAI,OpenAI,OpenAI
chat.provider.openrouter,,OpenRouter,OpenRouter,OpenRouter,OpenRouter,OpenRouter,OpenRouter
chat.settings.general.shortcuts.newChat,,New Chat,Nuevo chat,Nouvelle conversation,ĞĞ¾Ğ²Ñ‹Ğ¹ Ñ‡Ğ°Ñ‚,Cuá»™c trÃ² chuyá»‡n má»›i,æ–°å»ºèŠå¤©
chat.settings.general.shortcuts.search,,Search,Buscar,Rechercher,ĞŸĞ¾Ğ¸ÑĞº,TÃ¬m kiáº¿m,æœç´¢
chat.settings.general.shortcuts.toggleSettings,,Toggle Settings,Alternar configuraciÃ³n,Afficher/masquer les paramÃ¨tres,ĞŸĞµÑ€ĞµĞºĞ»ÑÑ‡Ğ¸Ñ‚ÑŒ Ğ½Ğ°ÑÑ‚Ñ€Ğ¾Ğ¹ĞºĞ¸,Báº­t/táº¯t cÃ i Ä‘áº·t,åˆ‡æ¢è®¾ç½®
chat.settings.general.shortcuts.toggleSidebar,,Toggle Sidebar,Alternar barra lateral,Afficher/masquer la barre latÃ©rale,ĞŸĞµÑ€ĞµĞºĞ»ÑÑ‡Ğ¸Ñ‚ÑŒ Ğ±Ğ¾ĞºĞ¾Ğ²ÑƒÑ Ğ¿Ğ°Ğ½ĞµĞ»ÑŒ,Báº­t/táº¯t thanh bÃªn,åˆ‡æ¢ä¾§è¾¹æ 
chat.settings.general.title,,General Settings,ConfiguraciÃ³n general,ParamÃ¨tres gÃ©nÃ©raux,ĞĞ±Ñ‰Ğ¸Ğµ Ğ½Ğ°ÑÑ‚Ñ€Ğ¾Ğ¹ĞºĞ¸,CÃ i Ä‘áº·t chung,å¸¸è§„è®¾ç½®
chat.settings.providers.title,,Providers Settings,ConfiguraciÃ³n de proveedores,ParamÃ¨tres des fournisseurs,ĞĞ°ÑÑ‚Ñ€Ğ¾Ğ¹ĞºĞ¸ Ğ¿Ñ€Ğ¾Ğ²Ğ°Ğ¹Ğ´ĞµÑ€Ğ¾Ğ²,CÃ i Ä‘áº·t nhÃ  cung cáº¥p,æœåŠ¡æä¾›å•†è®¾ç½®
chat.settings.providerDialog.description,,"Changes are automatically saved, just close!","Los cambios se guardan automÃ¡ticamente, Â¡solo cierra!","Les modifications sont automatiquement enregistrÃ©es, il suffit de fermer !","Ğ˜Ğ·Ğ¼ĞµĞ½ĞµĞ½Ğ¸Ñ ÑĞ¾Ñ…Ñ€Ğ°Ğ½ÑÑÑ‚ÑÑ Ğ°Ğ²Ñ‚Ğ¾Ğ¼Ğ°Ñ‚Ğ¸Ñ‡ĞµÑĞºĞ¸, Ğ¿Ñ€Ğ¾ÑÑ‚Ğ¾ Ğ·Ğ°ĞºÑ€Ğ¾Ğ¹Ñ‚Ğµ!","CÃ¡c thay Ä‘á»•i Ä‘Æ°á»£c tá»± Ä‘á»™ng lÆ°u, chá»‰ cáº§n Ä‘Ã³ng láº¡i!",æ›´æ”¹ä¼šè‡ªåŠ¨ä¿å­˜ï¼Œç›´æ¥å…³é—­å³å¯ï¼
chat.settings.providerDialog.form.apiKey,,API Key,Clave API,ClÃ© API,ĞšĞ»ÑÑ‡ API,KhÃ³a API,API å¯†é’¥
chat.settings.providerDialog.form.models,,Models,Modelos,ModÃ¨les,ĞœĞ¾Ğ´ĞµĞ»Ğ¸,CÃ¡c mÃ´ hÃ¬nh,æ¨¡å‹
chat.sidebar.newChat,,New Chat,Nuevo chat,Nouvelle conversation,ĞĞ¾Ğ²Ñ‹Ğ¹ Ñ‡Ğ°Ñ‚,Cuá»™c trÃ² chuyá»‡n má»›i,æ–°å»ºèŠå¤©
chat.sidebar.search.placeholder,,Search chats...,Buscar chats...,Rechercher des conversations...,ĞŸĞ¾Ğ¸ÑĞº Ñ‡Ğ°Ñ‚Ğ¾Ğ²...,TÃ¬m kiáº¿m cuá»™c trÃ² chuyá»‡n...,æœç´¢èŠå¤©...
chat.sidebar.threads.empty,,No chats yet.,No hay chats todavÃ­a.,Pas encore de conversations.,Ğ§Ğ°Ñ‚Ğ¾Ğ² Ğ¿Ğ¾ĞºĞ° Ğ½ĞµÑ‚.,ChÆ°a cÃ³ cuá»™c trÃ² chuyá»‡n nÃ o.,å°šæ— èŠå¤©è®°å½•ã€‚
chat.sidebar.threads.loading,,Loading threads...,Cargando conversaciones...,Chargement des conversations...,Ğ—Ğ°Ğ³Ñ€ÑƒĞ·ĞºĞ° Ğ±ĞµÑĞµĞ´...,Äang táº£i cÃ¡c cuá»™c trÃ² chuyá»‡n...,æ­£åœ¨åŠ è½½å¯¹è¯...
chat.thread.branchedFrom,,Branched from {title},Ramificado desde {title},DÃ©rivÃ© de {title},ĞÑ‚Ğ²ĞµÑ‚Ğ²Ğ»ĞµĞ½Ğ¾ Ğ¾Ñ‚ {title},ÄÆ°á»£c táº¡o nhÃ¡nh tá»« {title},åˆ†æ”¯è‡ª {title}
chat.thread.delete,,Delete Thread,Eliminar conversaciÃ³n,Supprimer la conversation,Ğ£Ğ´Ğ°Ğ»Ğ¸Ñ‚ÑŒ Ñ‚ĞµĞ¼Ñƒ,XÃ³a chá»§ Ä‘á»,åˆ é™¤è¯é¢˜
chat.thread.freeze,,Freeze thread,Congelar hilo,Geler la discussion,Ğ—Ğ°Ğ¼Ğ¾Ñ€Ğ¾Ğ·Ğ¸Ñ‚ÑŒ Ñ‚ĞµĞ¼Ñƒ,ÄÃ³ng bÄƒng chá»§ Ä‘á»,å†»ç»“çº¿ç¨‹
chat.thread.frozen,,Thread is frozen,El hilo estÃ¡ congelado,La discussion est gelÃ©e,Ğ¢ĞµĞ¼Ğ° Ğ·Ğ°Ğ¼Ğ¾Ñ€Ğ¾Ğ¶ĞµĞ½Ğ°,Chá»§ Ä‘á» Ä‘Ã£ Ä‘Æ°á»£c Ä‘Ã³ng bÄƒng,çº¿ç¨‹å·²å†»ç»“
chat.thread.frozenWithDescription,,"Thread is frozen, new messages will create a new branch","El hilo estÃ¡ congelado, los nuevos mensajes crearÃ¡n una nueva rama","La discussion est gelÃ©e, les nouveaux messages crÃ©eront une nouvelle branche","Ğ¢ĞµĞ¼Ğ° Ğ·Ğ°Ğ¼Ğ¾Ñ€Ğ¾Ğ¶ĞµĞ½Ğ°, Ğ½Ğ¾Ğ²Ñ‹Ğµ ÑĞ¾Ğ¾Ğ±Ñ‰ĞµĞ½Ğ¸Ñ ÑĞ¾Ğ·Ğ´Ğ°Ğ´ÑƒÑ‚ Ğ½Ğ¾Ğ²ÑƒÑ Ğ²ĞµÑ‚ĞºÑƒ","Chá»§ Ä‘á» Ä‘Ã£ bá»‹ Ä‘Ã³ng bÄƒng, tin nháº¯n má»›i sáº½ táº¡o má»™t nhÃ¡nh má»›i",çº¿ç¨‹å·²å†»ç»“ï¼Œæ–°æ¶ˆæ¯å°†åˆ›å»ºä¸€ä¸ªæ–°åˆ†æ”¯
chat.thread.pin,,Pin Thread,Fijar conversaciÃ³n,Ã‰pingler la conversation,Ğ—Ğ°ĞºÑ€ĞµĞ¿Ğ¸Ñ‚ÑŒ Ñ‚ĞµĞ¼Ñƒ,Ghim chá»§ Ä‘á»,ç½®é¡¶è¯é¢˜
chat.thread.share,,Share thread,Compartir hilo,Partager la discussion,ĞŸĞ¾Ğ´ĞµĞ»Ğ¸Ñ‚ÑŒÑÑ Ğ´Ğ¸ÑĞºÑƒÑÑĞ¸ĞµĞ¹,Chia sáº» chá»§ Ä‘á»,å…±äº«çº¿ç¨‹
chat.thread.unfreeze,,Unfreeze thread,Descongelar hilo,DÃ©geler la discussion,Ğ Ğ°Ğ·Ğ¼Ğ¾Ñ€Ğ¾Ğ·Ğ¸Ñ‚ÑŒ Ñ‚ĞµĞ¼Ñƒ,Giáº£i bÄƒng chá»§ Ä‘á»,è§£å†»çº¿ç¨‹
chat.thread.unpin,,Unpin Thread,Desfijar conversaciÃ³n,DÃ©sÃ©pingler la conversation,ĞÑ‚ĞºÑ€ĞµĞ¿Ğ¸Ñ‚ÑŒ Ñ‚ĞµĞ¼Ñƒ,Bá» ghim chá»§ Ä‘á»,å–æ¶ˆç½®é¡¶è¯é¢˜
chat.toast.menuOpenedFirstTime,,"Tip: you can right click / hold (for mobile) on a ""Thread"" item to open a context menu.","Consejo: puedes hacer clic derecho / mantener pulsado (para mÃ³vil) en un elemento ""Hilo"" para abrir un menÃº contextual.","Astuce : vous pouvez faire un clic droit / maintenir appuyÃ© (pour mobile) sur un Ã©lÃ©ment ""Fil de discussion"" pour ouvrir un menu contextuel.","ĞŸĞ¾Ğ´ÑĞºĞ°Ğ·ĞºĞ°: Ğ²Ñ‹ Ğ¼Ğ¾Ğ¶ĞµÑ‚Ğµ Ñ‰ĞµĞ»ĞºĞ½ÑƒÑ‚ÑŒ Ğ¿Ñ€Ğ°Ğ²Ğ¾Ğ¹ ĞºĞ½Ğ¾Ğ¿ĞºĞ¾Ğ¹ Ğ¼Ñ‹ÑˆĞ¸ Ğ¸Ğ»Ğ¸ ÑƒĞ´ĞµÑ€Ğ¶Ğ¸Ğ²Ğ°Ñ‚ÑŒ (Ğ½Ğ° Ğ¼Ğ¾Ğ±Ğ¸Ğ»ÑŒĞ½Ñ‹Ñ… ÑƒÑÑ‚Ñ€Ğ¾Ğ¹ÑÑ‚Ğ²Ğ°Ñ…) ÑĞ»ĞµĞ¼ĞµĞ½Ñ‚ ""Ğ¢ĞµĞ¼Ğ°"", Ñ‡Ñ‚Ğ¾Ğ±Ñ‹ Ğ¾Ñ‚ĞºÑ€Ñ‹Ñ‚ÑŒ ĞºĞ¾Ğ½Ñ‚ĞµĞºÑÑ‚Ğ½Ğ¾Ğµ Ğ¼ĞµĞ½Ñ.","Máº¹o: báº¡n cÃ³ thá»ƒ nháº¥p chuá»™t pháº£i / nháº¥n giá»¯ (Ä‘á»‘i vá»›i thiáº¿t bá»‹ di Ä‘á»™ng) vÃ o má»™t má»¥c ""Thread"" Ä‘á»ƒ má»Ÿ menu ngá»¯ cáº£nh.",æç¤ºï¼šæ‚¨å¯ä»¥å³é”®å•å‡»ï¼ˆæˆ–åœ¨ç§»åŠ¨è®¾å¤‡ä¸Šé•¿æŒ‰ï¼‰â€œçº¿ç¨‹â€é¡¹ç›®ä»¥æ‰“å¼€ä¸Šä¸‹æ–‡èœå•ã€‚
chat.toast.threadBranched,,The thread has been branched off.,La conversaciÃ³n ha sido ramificada.,La conversation a Ã©tÃ© ramifiÃ©e.,Ğ¢ĞµĞ¼Ğ° Ğ±Ñ‹Ğ»Ğ° Ğ²Ñ‹Ğ´ĞµĞ»ĞµĞ½Ğ° Ğ² Ğ¾Ñ‚Ğ´ĞµĞ»ÑŒĞ½ÑƒÑ Ğ²ĞµÑ‚ĞºÑƒ.,Chá»§ Ä‘á» Ä‘Ã£ Ä‘Æ°á»£c táº¡o nhÃ¡nh.,è¯é¢˜å·²è¢«åˆ†æ”¯ã€‚
chat.toast.threadRemovedExternal,,The chat has been removed by the owner.,El chat ha sido eliminado por el propietario.,Le chat a Ã©tÃ© supprimÃ© par le propriÃ©taire.,Ğ§Ğ°Ñ‚ Ğ±Ñ‹Ğ» ÑƒĞ´Ğ°Ğ»Ñ‘Ğ½ Ğ²Ğ»Ğ°Ğ´ĞµĞ»ÑŒÑ†ĞµĞ¼.,Cuá»™c trÃ² chuyá»‡n Ä‘Ã£ bá»‹ xÃ³a bá»Ÿi chá»§ sá»Ÿ há»¯u.,æ­¤èŠå¤©å·²è¢«æ‰€æœ‰è€…ç§»é™¤ã€‚
chat.toast.threadNameRemovedExternal,,"Thread ""{name}"" has been removed by the owner.","El hilo ""{name}"" ha sido eliminado por el propietario.","La discussion ""{name}"" a Ã©tÃ© supprimÃ©e par le propriÃ©taire.","Ğ¢ĞµĞ¼Ğ° ""{name}"" Ğ±Ñ‹Ğ»Ğ° ÑƒĞ´Ğ°Ğ»ĞµĞ½Ğ° Ğ²Ğ»Ğ°Ğ´ĞµĞ»ÑŒÑ†ĞµĞ¼.","Cuá»™c trÃ² chuyá»‡n ""{name}"" Ä‘Ã£ bá»‹ xÃ³a bá»Ÿi chá»§ sá»Ÿ há»¯u.",ä¸»é¢˜â€œ{name}â€å·²è¢«æ‰€æœ‰è€…ç§»é™¤ã€‚
chat.toast.threadShareLinkCopied,,The thread access link has been copied to your clipboard.,El enlace de acceso a la conversaciÃ³n ha sido copiado a tu portapapeles.,Le lien d'accÃ¨s Ã  la conversation a Ã©tÃ© copiÃ© dans votre presse-papiers.,Ğ¡ÑÑ‹Ğ»ĞºĞ° Ğ´Ğ»Ñ Ğ´Ğ¾ÑÑ‚ÑƒĞ¿Ğ° Ğº Ğ²ĞµÑ‚ĞºĞµ ÑĞºĞ¾Ğ¿Ğ¸Ñ€Ğ¾Ğ²Ğ°Ğ½Ğ° Ğ² Ğ²Ğ°Ñˆ Ğ±ÑƒÑ„ĞµÑ€ Ğ¾Ğ±Ğ¼ĞµĞ½Ğ°.,ÄÆ°á»ng dáº«n truy cáº­p cuá»™c trÃ² chuyá»‡n Ä‘Ã£ Ä‘Æ°á»£c sao chÃ©p vÃ o báº£ng táº¡m cá»§a báº¡n.,çº¿ç¨‹è®¿é—®é“¾æ¥å·²å¤åˆ¶åˆ°æ‚¨çš„å‰ªè´´æ¿ã€‚
chat.typeYourMessageHere,,Type your message here...,Escribe tu mensaje aquÃ­...,Tapez votre message ici...,Ğ’Ğ²ĞµĞ´Ğ¸Ñ‚Ğµ Ğ²Ğ°ÑˆĞµ ÑĞ¾Ğ¾Ğ±Ñ‰ĞµĞ½Ğ¸Ğµ Ğ·Ğ´ĞµÑÑŒ...,Nháº­p tin nháº¯n cá»§a báº¡n táº¡i Ä‘Ã¢y...,åœ¨è¿™é‡Œè¾“å…¥ä½ çš„æ¶ˆæ¯...
components.convexIntegrationTest.addTask.label,,Add task entry (press enter),AÃ±adir tarea (pulsar enter),Ajouter une tÃ¢che (appuyer sur EntrÃ©e),Ğ”Ğ¾Ğ±Ğ°Ğ²Ğ¸Ñ‚ÑŒ Ğ·Ğ°Ğ´Ğ°Ñ‡Ñƒ (Ğ½Ğ°Ğ¶Ğ¼Ğ¸Ñ‚Ğµ Enter),ThÃªm má»¥c cÃ´ng viá»‡c (nháº¥n enter),æ·»åŠ ä»»åŠ¡æ¡ç›®ï¼ˆæŒ‰å›è½¦é”®ï¼‰
components.convexIntegrationTest.addTask.placeholder,,Enter new task...,Introducir nueva tarea...,Entrez une nouvelle tÃ¢che...,Ğ’Ğ²ĞµĞ´Ğ¸Ñ‚Ğµ Ğ½Ğ¾Ğ²ÑƒÑ Ğ·Ğ°Ğ´Ğ°Ñ‡Ñƒ...,Nháº­p cÃ´ng viá»‡c má»›i...,è¾“å…¥æ–°ä»»åŠ¡...
components.convexIntegrationTest.authenticated,,Convex Authenticated,Convex autenticado,AuthentifiÃ© par Convex,ĞÑƒÑ‚ĞµĞ½Ñ‚Ğ¸Ñ„Ğ¸Ñ†Ğ¸Ñ€Ğ¾Ğ²Ğ°Ğ½Ğ¾ Ñ‡ĞµÑ€ĞµĞ· Convex,ÄÃ£ xÃ¡c thá»±c Convex,Convex å·²è®¤è¯
components.convexIntegrationTest.configuredUrl,,Convex URL,URL de Convex,URL Convex,URL Convex,URL Convex,Convex URL
components.convexIntegrationTest.tasksList.empty,,No tasks yet.,AÃºn no hay tareas.,Aucune tÃ¢che pour le moment.,Ğ—Ğ°Ğ´Ğ°Ñ‡ Ğ¿Ğ¾ĞºĞ° Ğ½ĞµÑ‚.,ChÆ°a cÃ³ cÃ´ng viá»‡c nÃ o.,æš‚æ— ä»»åŠ¡ã€‚
components.convexIntegrationTest.tasksList.title,,Tasks,Tareas,TÃ¢ches,Ğ—Ğ°Ğ´Ğ°Ñ‡Ğ¸,CÃ´ng viá»‡c,ä»»åŠ¡åˆ—è¡¨
components.convexIntegrationTest.testBackendButton.authInfo,,Test Convex integration with `backend` (auth info),Probar la integraciÃ³n de Convex con `backend` (informaciÃ³n de autenticaciÃ³n),Tester l'intÃ©gration Convex avec `backend` (informations d'authentification),Ğ¢ĞµÑÑ‚Ğ¸Ñ€Ğ¾Ğ²Ğ°Ğ½Ğ¸Ğµ Ğ¸Ğ½Ñ‚ĞµĞ³Ñ€Ğ°Ñ†Ğ¸Ğ¸ Convex Ñ `backend` (Ğ¸Ğ½Ñ„Ğ¾Ñ€Ğ¼Ğ°Ñ†Ğ¸Ñ Ğ¾Ğ± Ğ°Ğ²Ñ‚Ğ¾Ñ€Ğ¸Ğ·Ğ°Ñ†Ğ¸Ğ¸),Kiá»ƒm tra tÃ­ch há»£p Convex vá»›i `backend` (thÃ´ng tin xÃ¡c thá»±c),ä½¿ç”¨ `backend` æµ‹è¯• Convex é›†æˆï¼ˆè®¤è¯ä¿¡æ¯ï¼‰
components.convexIntegrationTest.testBackendButton.fetchTasks,,Test Convex integration with `backend` (fetch tasks),Probar integraciÃ³n de Convex con `backend` (obtener tareas),Tester l'intÃ©gration de Convex avec `backend` (rÃ©cupÃ©rer les tÃ¢ches),Ğ¢ĞµÑÑ‚Ğ¸Ñ€Ğ¾Ğ²Ğ°Ñ‚ÑŒ Ğ¸Ğ½Ñ‚ĞµĞ³Ñ€Ğ°Ñ†Ğ¸Ñ Convex Ñ `backend` (Ğ¿Ğ¾Ğ»ÑƒÑ‡Ğ¸Ñ‚ÑŒ Ğ·Ğ°Ğ´Ğ°Ñ‡Ğ¸),Kiá»ƒm tra tÃ­ch há»£p Convex vá»›i `backend` (láº¥y cÃ´ng viá»‡c),æµ‹è¯•Convexä¸`backend`çš„é›†æˆï¼ˆè·å–ä»»åŠ¡ï¼‰
components.loadingScreen.loadingText,,Loading...,Cargando...,Chargement en cours...,Ğ—Ğ°Ğ³Ñ€ÑƒĞ·ĞºĞ°...,Äang táº£i...,åŠ è½½ä¸­...
confirm,,Confirm,Confirmar,Confirmer,ĞŸĞ¾Ğ´Ñ‚Ğ²ĞµÑ€Ğ´Ğ¸Ñ‚ÑŒ,XÃ¡c nháº­n,ç¡®è®¤
continue,,Continue,Continuar,Continuer,ĞŸÑ€Ğ¾Ğ´Ğ¾Ğ»Ğ¶Ğ¸Ñ‚ÑŒ,Tiáº¿p tá»¥c,ç»§ç»­
form.tagsInput.placeholder,,Type and press enter to add...,Escribe y presiona enter para aÃ±adir...,Tapez et appuyez sur entrÃ©e pour ajouter...,"Ğ’Ğ²ĞµĞ´Ğ¸Ñ‚Ğµ Ñ‚ĞµĞºÑÑ‚ Ğ¸ Ğ½Ğ°Ğ¶Ğ¼Ğ¸Ñ‚Ğµ Enter, Ñ‡Ñ‚Ğ¾Ğ±Ñ‹ Ğ´Ğ¾Ğ±Ğ°Ğ²Ğ¸Ñ‚ÑŒ...",Nháº­p vÃ  nháº¥n enter Ä‘á»ƒ thÃªm...,è¾“å…¥åæŒ‰å›è½¦é”®æ·»åŠ ...
generating,,Generating,Generando,GÃ©nÃ©ration en cours,Ğ“ĞµĞ½ĞµÑ€Ğ°Ñ†Ğ¸Ñ,Äang táº¡o,æ­£åœ¨ç”Ÿæˆ
getInputThoughtsPlaceholders.0,,What's on your mind? ğŸ¤”,Â¿QuÃ© tienes en mente? ğŸ¤”,Qu'avez-vous Ã  l'esprit ? ğŸ¤”,Ğ Ñ‡Ñ‘Ğ¼ Ğ²Ñ‹ Ğ´ÑƒĞ¼Ğ°ĞµÑ‚Ğµ? ğŸ¤”,Báº¡n Ä‘ang nghÄ© gÃ¬? ğŸ¤”,ä½ åœ¨æƒ³ä»€ä¹ˆï¼ŸğŸ¤”
getInputThoughtsPlaceholders.1,,Let me help you create a plan. ğŸ“ƒ,DÃ©jame ayudarte a crear un plan. ğŸ“ƒ,Laissez-moi vous aider Ã  crÃ©er un plan. ğŸ“ƒ,Ğ”Ğ°Ğ²Ğ°Ğ¹Ñ‚Ğµ Ñ Ğ¿Ğ¾Ğ¼Ğ¾Ğ³Ñƒ Ğ²Ğ°Ğ¼ ÑĞ¾ÑÑ‚Ğ°Ğ²Ğ¸Ñ‚ÑŒ Ğ¿Ğ»Ğ°Ğ½. ğŸ“ƒ,HÃ£y Ä‘á»ƒ tÃ´i giÃºp báº¡n táº¡o má»™t káº¿ hoáº¡ch. ğŸ“ƒ,è®©æˆ‘å¸®ä½ åˆ¶å®šä¸€ä¸ªè®¡åˆ’å§ã€‚ğŸ“ƒ
getInputThoughtsPlaceholders.2,,What's our goal? ğŸ¯,Â¿CuÃ¡l es nuestro objetivo? ğŸ¯,Quel est notre objectif ? ğŸ¯,ĞšĞ°ĞºĞ¾Ğ²Ğ° Ğ½Ğ°ÑˆĞ° Ñ†ĞµĞ»ÑŒ? ğŸ¯,Má»¥c tiÃªu cá»§a chÃºng ta lÃ  gÃ¬? ğŸ¯,æˆ‘ä»¬çš„ç›®æ ‡æ˜¯ä»€ä¹ˆï¼ŸğŸ¯
getInputThoughtsPlaceholders.3,,How does AI work? ğŸ¤–,Â¿CÃ³mo funciona la IA? ğŸ¤–,Comment fonctionne l'IA ? ğŸ¤–,ĞšĞ°Ğº Ñ€Ğ°Ğ±Ğ¾Ñ‚Ğ°ĞµÑ‚ Ğ˜Ğ˜? ğŸ¤–,AI hoáº¡t Ä‘á»™ng nhÆ° tháº¿ nÃ o? ğŸ¤–,äººå·¥æ™ºèƒ½æ˜¯å¦‚ä½•å·¥ä½œçš„ï¼ŸğŸ¤–
getInputThoughtsPlaceholders.4,,What's today's objective? ğŸ“…,Â¿CuÃ¡l es el objetivo de hoy? ğŸ“…,Quel est l'objectif du jour ? ğŸ“…,ĞšĞ°ĞºĞ°Ñ Ñ†ĞµĞ»ÑŒ Ğ½Ğ° ÑĞµĞ³Ğ¾Ğ´Ğ½Ñ? ğŸ“…,Má»¥c tiÃªu hÃ´m nay lÃ  gÃ¬? ğŸ“…,ä»Šå¤©çš„ç›®æ ‡æ˜¯ä»€ä¹ˆï¼ŸğŸ“…
getInputThoughtsPlaceholders.5,,Have a mission for today? ğŸš€,Â¿Tienes una misiÃ³n para hoy? ğŸš€,Avez-vous une mission pour aujourd'hui ? ğŸš€,Ğ•ÑÑ‚ÑŒ Ğ·Ğ°Ğ´Ğ°Ñ‡Ğ° Ğ½Ğ° ÑĞµĞ³Ğ¾Ğ´Ğ½Ñ? ğŸš€,Báº¡n cÃ³ nhiá»‡m vá»¥ gÃ¬ cho hÃ´m nay khÃ´ng? ğŸš€,ä»Šå¤©æœ‰ä»€ä¹ˆä»»åŠ¡å—ï¼ŸğŸš€
getInputThoughtsPlaceholders.6,,Where are we heading today? ğŸ§‘â€ğŸš€,Â¿Hacia dÃ³nde nos dirigimos hoy? ğŸ§‘â€ğŸš€,OÃ¹ allons-nous aujourd'hui ? ğŸ§‘â€ğŸš€,ĞšÑƒĞ´Ğ° Ğ¼Ñ‹ ÑĞµĞ³Ğ¾Ğ´Ğ½Ñ Ğ½Ğ°Ğ¿Ñ€Ğ°Ğ²Ğ»ÑĞµĞ¼ÑÑ? ğŸ§‘â€ğŸš€,HÃ´m nay chÃºng ta sáº½ Ä‘i Ä‘Ã¢u? ğŸ§‘â€ğŸš€,æˆ‘ä»¬ä»Šå¤©è¦å»å“ªé‡Œï¼ŸğŸ§‘â€ğŸš€
getInputThoughtsPlaceholders.7,,Evaluating a strategy? ğŸ“Š,Â¿Evaluando una estrategia? ğŸ“Š,Vous Ã©valuez une stratÃ©gie ? ğŸ“Š,ĞÑ†ĞµĞ½Ğ¸Ğ²Ğ°ĞµÑ‚Ğµ ÑÑ‚Ñ€Ğ°Ñ‚ĞµĞ³Ğ¸Ñ? ğŸ“Š,Äang Ä‘Ã¡nh giÃ¡ má»™t chiáº¿n lÆ°á»£c? ğŸ“Š,åœ¨è¯„ä¼°ä¸€ä¸ªç­–ç•¥å—ï¼ŸğŸ“Š
getInputThoughtsPlaceholders.8,,Let's talk about your vision. ğŸŒŸ,Hablemos de tu visiÃ³n. ğŸŒŸ,Parlons de votre vision. ğŸŒŸ,Ğ”Ğ°Ğ²Ğ°Ğ¹Ñ‚Ğµ Ğ¿Ğ¾Ğ³Ğ¾Ğ²Ğ¾Ñ€Ğ¸Ğ¼ Ğ¾ Ğ²Ğ°ÑˆĞµĞ¼ Ğ²Ğ¸Ğ´ĞµĞ½Ğ¸Ğ¸. ğŸŒŸ,HÃ£y nÃ³i vá» táº§m nhÃ¬n cá»§a báº¡n. ğŸŒŸ,æ¥è°ˆè°ˆä½ çš„æ„¿æ™¯å§ã€‚ğŸŒŸ
guest,,Guest,Invitado,InvitÃ©,Ğ“Ğ¾ÑÑ‚ÑŒ,KhÃ¡ch,è®¿å®¢
keyboard-shortcuts,,Keyboard Shortcuts,Atajos de teclado,Raccourcis clavier,Ğ“Ğ¾Ñ€ÑÑ‡Ğ¸Ğµ ĞºĞ»Ğ°Ğ²Ğ¸ÑˆĞ¸,PhÃ­m táº¯t,é”®ç›˜å¿«æ·é”®
language,,Language,Idioma,Langue,Ğ¯Ğ·Ñ‹Ğº,NgÃ´n ngá»¯,è¯­è¨€
loginToEnjoyMore,,Login to enjoy more!,Â¡Inicia sesiÃ³n para disfrutar mÃ¡s!,Connectez-vous pour en profiter davantage !,"Ğ’Ğ¾Ğ¹Ğ´Ğ¸Ñ‚Ğµ, Ñ‡Ñ‚Ğ¾Ğ±Ñ‹ Ğ¿Ğ¾Ğ»ÑƒÑ‡Ğ¸Ñ‚ÑŒ Ğ±Ğ¾Ğ»ÑŒÑˆĞµ Ğ²Ğ¾Ğ·Ğ¼Ğ¾Ğ¶Ğ½Ğ¾ÑÑ‚ĞµĞ¹!",ÄÄƒng nháº­p Ä‘á»ƒ tráº£i nghiá»‡m nhiá»u hÆ¡n!,ç™»å½•ä»¥äº«å—æ›´å¤šåŠŸèƒ½ï¼
pages.chat.aiLabel,,AI,IA,IA,Ğ˜Ğ˜,AI,AI
pages.chat.loginPrompt,,Please login to try this feature,Por favor inicia sesiÃ³n para probar esta funciÃ³n,Veuillez vous connecter pour essayer cette fonctionnalitÃ©,"ĞŸĞ¾Ğ¶Ğ°Ğ»ÑƒĞ¹ÑÑ‚Ğ°, Ğ²Ğ¾Ğ¹Ğ´Ğ¸Ñ‚Ğµ Ğ² ÑĞ¸ÑÑ‚ĞµĞ¼Ñƒ, Ñ‡Ñ‚Ğ¾Ğ±Ñ‹ Ğ¿Ğ¾Ğ¿Ñ€Ğ¾Ğ±Ğ¾Ğ²Ğ°Ñ‚ÑŒ ÑÑ‚Ñƒ Ñ„ÑƒĞ½ĞºÑ†Ğ¸Ñ",Vui lÃ²ng Ä‘Äƒng nháº­p Ä‘á»ƒ thá»­ tÃ­nh nÄƒng nÃ y,è¯·ç™»å½•ä»¥å°è¯•æ­¤åŠŸèƒ½
pages.chat.title,,Chat,Chat,Chat,TrÃ² chuyá»‡n,TrÃ² chuyá»‡n,èŠå¤©
pages.chat.userLabel,,You,TÃº,Vous,Ğ’Ñ‹,Báº¡n,æ‚¨
pages.home.apiResponse.empty,,Empty,VacÃ­o,Vide,ĞŸÑƒÑÑ‚Ğ¾,Trá»‘ng,ç©ºçš„
pages.home.apiResponse.label,,API Response from,Respuesta de API de,RÃ©ponse API de,ĞÑ‚Ğ²ĞµÑ‚ API Ğ¾Ñ‚,Pháº£n há»“i API tá»«,APIå“åº”æ¥è‡ª
pages.home.auth.signInButton,,Sign-in,Iniciar sesiÃ³n,Connexion,Ğ’Ğ¾Ğ¹Ñ‚Ğ¸,ÄÄƒng nháº­p,ç™»å½•
pages.home.auth.signOutButton,,Sign-out,Cerrar sesiÃ³n,DÃ©connexion,Ğ’Ñ‹Ğ¹Ñ‚Ğ¸,ÄÄƒng xuáº¥t,ç™»å‡º
pages.home.auth.status.label,,Auth status,Estado de autenticaciÃ³n,Statut d'authentification,Ğ¡Ñ‚Ğ°Ñ‚ÑƒÑ Ğ°ÑƒÑ‚ĞµĞ½Ñ‚Ğ¸Ñ„Ğ¸ĞºĞ°Ñ†Ğ¸Ğ¸,Tráº¡ng thÃ¡i xÃ¡c thá»±c,è®¤è¯çŠ¶æ€
pages.home.auth.status.loading,,Auth status: ...,Estado de autenticaciÃ³n: ...,Statut d'authentification: ...,Ğ¡Ñ‚Ğ°Ñ‚ÑƒÑ Ğ°ÑƒÑ‚ĞµĞ½Ñ‚Ğ¸Ñ„Ğ¸ĞºĞ°Ñ†Ğ¸Ğ¸: ...,Tráº¡ng thÃ¡i xÃ¡c thá»±c: ...,è®¤è¯çŠ¶æ€ï¼š...
pages.home.auth.status.loggedIn,,Logged in,SesiÃ³n iniciada,ConnectÃ©,Ğ’Ğ¾ÑˆĞ»Ğ¸ Ğ² ÑĞ¸ÑÑ‚ĞµĞ¼Ñƒ,ÄÃ£ Ä‘Äƒng nháº­p,å·²ç™»å½•
pages.home.auth.status.notLoggedIn,,Not logged in,SesiÃ³n no iniciada,Non connectÃ©,ĞĞµ Ğ²Ğ¾ÑˆĞ»Ğ¸ Ğ² ÑĞ¸ÑÑ‚ĞµĞ¼Ñƒ,ChÆ°a Ä‘Äƒng nháº­p,æœªç™»å½•
pages.home.auth.userInfo.title,,User Information,InformaciÃ³n del Usuario,Informations Utilisateur,Ğ˜Ğ½Ñ„Ğ¾Ñ€Ğ¼Ğ°Ñ†Ğ¸Ñ Ğ¾ Ğ¿Ğ¾Ğ»ÑŒĞ·Ğ¾Ğ²Ğ°Ñ‚ĞµĞ»Ğµ,ThÃ´ng tin ngÆ°á»i dÃ¹ng,ç”¨æˆ·ä¿¡æ¯
pages.home.carousel.cardContent,,"Lorem ipsum dolor sit amet, consectetur adipisicing elit. Inventore sed consequuntur error repudiandae numquam deserunt quisquam repellat libero asperiores earum nam nobis, culpa ratione quam perferendis esse, cupiditate neque quas!","Lorem ipsum dolor sit amet, consectetur adipisicing elit. Inventore sed consequuntur error repudiandae numquam deserunt quisquam repellat libero asperiores earum nam nobis, culpa ratione quam perferendis esse, cupiditate neque quas!","Lorem ipsum dolor sit amet, consectetur adipisicing elit. Inventore sed consequuntur error repudiandae numquam deserunt quisquam repellat libero asperiores earum nam nobis, culpa ratione quam perferendis esse, cupiditate neque quas!","Lorem ipsum dolor sit amet, consectetur adipisicing elit. Inventore sed consequuntur error repudiandae numquam deserunt quisquam repellat libero asperiores earum nam nobis, culpa ratione quam perferendis esse, cupiditate neque quas!","Lorem ipsum dolor sit amet, consectetur adipisicing elit. Nhá»¯ng phÃ¡t minh nhÆ°ng háº­u quáº£ cá»§a lá»—i tá»« chá»‘i sá»‘ lÆ°á»£ng khÃ´ng xá»©ng Ä‘Ã¡ng vá»›i báº¥t ká»³ ai Ä‘áº©y lÃ¹i tá»± do kháº¯c nghiá»‡t tÃªn cao quÃ½ cá»§a chÃºng tÃ´i, lá»—i tá»· lá»‡ mÃ  hoÃ n háº£o lÃ , ham muá»‘n cÅ©ng khÃ´ng!",Lorem ipsum dolor sit ametï¼Œconsectetur adipisicing elitã€‚Inventore sed consequuntur error repudiandae numquam deserunt quisquam repellat libero asperiores earum nam nobisï¼Œculpa ratione quam perferendis esseï¼Œcupiditate neque quasï¼
pages.home.carousel.cardTitle,,Simple Card #{index},Tarjeta Simple #{index},Carte Simple #{index},ĞŸÑ€Ğ¾ÑÑ‚Ğ°Ñ ĞºĞ°Ñ€Ñ‚Ğ¾Ñ‡ĞºĞ° #{index},Tháº» ÄÆ¡n giáº£n #{index},ç®€å•å¡ç‰‡ #{index}
pages.home.dateDisplay.label,,Today is,Hoy es,Aujourd'hui c'est,Ğ¡ĞµĞ³Ğ¾Ğ´Ğ½Ñ,HÃ´m nay lÃ ,ä»Šå¤©æ˜¯
pages.home.runtimeConfig.backendUrl,,Backend URL,URL del Backend,URL Backend,URL Ğ‘ÑĞºĞµĞ½Ğ´Ğ°,URL Backend,åç«¯URL
pages.home.runtimeConfig.frontendUrl,,Frontend URL,URL del Frontend,URL Frontend,URL Ğ¤Ñ€Ğ¾Ğ½Ñ‚ĞµĞ½Ğ´Ğ°,URL Frontend,å‰ç«¯URL
pages.home.section.apiInfo.title,,API & Configuration,API y ConfiguraciÃ³n,API et Configuration,API Ğ¸ ĞšĞ¾Ğ½Ñ„Ğ¸Ğ³ÑƒÑ€Ğ°Ñ†Ğ¸Ñ,API & Cáº¥u hÃ¬nh,APIä¸é…ç½®
pages.home.section.auth.title,,Authentication,AutenticaciÃ³n,Authentification,ĞÑƒÑ‚ĞµĞ½Ñ‚Ğ¸Ñ„Ğ¸ĞºĞ°Ñ†Ğ¸Ñ,XÃ¡c thá»±c,è®¤è¯
pages.home.section.carousel.title,,Image Carousel,Carrusel de ImÃ¡genes,Carrousel d'Images,ĞšĞ°Ñ€ÑƒÑĞµĞ»ÑŒ Ğ¸Ğ·Ğ¾Ğ±Ñ€Ğ°Ğ¶ĞµĞ½Ğ¸Ğ¹,BÄƒng chuyá»n hÃ¬nh áº£nh,å›¾ç‰‡è½®æ’­
pages.home.section.controls.title,,Page Controls,Controles de PÃ¡gina,ContrÃ´les de Page,Ğ­Ğ»ĞµĞ¼ĞµĞ½Ñ‚Ñ‹ ÑƒĞ¿Ñ€Ğ°Ğ²Ğ»ĞµĞ½Ğ¸Ñ ÑÑ‚Ñ€Ğ°Ğ½Ğ¸Ñ†ĞµĞ¹,Äiá»u khiá»ƒn Trang,é¡µé¢æ§ä»¶
pages.home.section.gridMaker.title,,Grid Maker Showcase,Escaparate de Grid Maker,Vitrine Grid Maker,Ğ’Ğ¸Ñ‚Ñ€Ğ¸Ğ½Ğ° Grid Maker,TrÆ°ng bÃ y Grid Maker,Grid Maker å±•ç¤º
pages.home.section.sst.title,,SST Information,InformaciÃ³n SST,Informations SST,Ğ˜Ğ½Ñ„Ğ¾Ñ€Ğ¼Ğ°Ñ†Ğ¸Ñ SST,ThÃ´ng tin SST,SST ä¿¡æ¯
pages.home.section.tanstackQuery.description,,Fetched client-side and persisted to IndexedDB for 12 hours,Obtenido del lado del cliente y persistido en IndexedDB durante 12 horas,RÃ©cupÃ©rÃ© cÃ´tÃ© client et persistÃ© dans IndexedDB pendant 12 heures,ĞŸĞ¾Ğ»ÑƒÑ‡ĞµĞ½Ğ¾ Ğ½Ğ° ÑÑ‚Ğ¾Ñ€Ğ¾Ğ½Ğµ ĞºĞ»Ğ¸ĞµĞ½Ñ‚Ğ° Ğ¸ ÑĞ¾Ñ…Ñ€Ğ°Ğ½ĞµĞ½Ğ¾ Ğ² IndexedDB Ğ½Ğ° 12 Ñ‡Ğ°ÑĞ¾Ğ²,Láº¥y tá»« phÃ­a mÃ¡y khÃ¡ch vÃ  lÆ°u trá»¯ vÃ o IndexedDB trong 12 giá»,å®¢æˆ·ç«¯è·å–å¹¶æŒä¹…åŒ–åˆ°IndexedDB 12å°æ—¶
pages.home.section.tanstackQuery.title,,Tanstack Query,Tanstack Query,Tanstack Query,Tanstack Query,Tanstack Query,Tanstack Query
pages.home.tanstackQuery.loading,,Loading...,Cargando...,Chargement...,Ğ—Ğ°Ğ³Ñ€ÑƒĞ·ĞºĞ°...,Äang táº£i...,åŠ è½½ä¸­...
pages.home.tanstackQuery.staleButton,,Make stale (refetch),Marcar como obsoleto (recargar),Rendre obsolÃ¨te (recharger),Ğ¡Ğ´ĞµĞ»Ğ°Ñ‚ÑŒ ÑƒÑÑ‚Ğ°Ñ€ĞµĞ²ÑˆĞ¸Ğ¼ (Ğ¾Ğ±Ğ½Ğ¾Ğ²Ğ¸Ñ‚ÑŒ),ÄÃ¡nh dáº¥u lÃ  cÅ© (táº£i láº¡i),æ ‡è®°ä¸ºè¿‡æ—¶ (é‡æ–°è·å–)
pages.home.themeSwitcher.label,,Theme,Tema,ThÃ¨me,Ğ¢ĞµĞ¼Ğ°,Chá»§ Ä‘á»,ä¸»é¢˜
pages.home.title,,Home,Inicio,Accueil,Ğ“Ğ»Ğ°Ğ²Ğ½Ğ°Ñ,Trang chá»§,é¦–é¡µ
pages.test.section.convex.status.notFound,,Convex integration: not found,IntegraciÃ³n de Convex: no encontrada,IntÃ©gration Convex : non trouvÃ©e,Ğ˜Ğ½Ñ‚ĞµĞ³Ñ€Ğ°Ñ†Ğ¸Ñ Convex: Ğ½Ğµ Ğ½Ğ°Ğ¹Ğ´ĞµĞ½Ğ°,TÃ­ch há»£p Convex: khÃ´ng tÃ¬m tháº¥y,Convex é›†æˆï¼šæœªæ‰¾åˆ°
pages.test.section.convex.title,,Convex Integration Test,Prueba de IntegraciÃ³n de Convex,Test d'IntÃ©gration Convex,Ğ¢ĞµÑÑ‚ Ğ¸Ğ½Ñ‚ĞµĞ³Ñ€Ğ°Ñ†Ğ¸Ğ¸ Convex,Kiá»ƒm tra TÃ­ch há»£p Convex,Convex é›†æˆæµ‹è¯•
pages.test.description,,A page for testing various components and integrations.,Una pÃ¡gina para probar varios componentes e integraciones.,Une page pour tester divers composants et intÃ©grations.,Ğ¡Ñ‚Ñ€Ğ°Ğ½Ğ¸Ñ†Ğ° Ğ´Ğ»Ñ Ñ‚ĞµÑÑ‚Ğ¸Ñ€Ğ¾Ğ²Ğ°Ğ½Ğ¸Ñ Ñ€Ğ°Ğ·Ğ»Ğ¸Ñ‡Ğ½Ñ‹Ñ… ĞºĞ¾Ğ¼Ğ¿Ğ¾Ğ½ĞµĞ½Ñ‚Ğ¾Ğ² Ğ¸ Ğ¸Ğ½Ñ‚ĞµĞ³Ñ€Ğ°Ñ†Ğ¸Ğ¹.,Má»™t trang Ä‘á»ƒ thá»­ nghiá»‡m cÃ¡c thÃ nh pháº§n vÃ  tÃ­ch há»£p khÃ¡c nhau.,ç”¨äºæµ‹è¯•å„ç§ç»„ä»¶å’Œé›†æˆçš„é¡µé¢ã€‚
pages.test.intro,,This is just a simple page to test stuff.,Esta es solo una pÃ¡gina simple para probar cosas.,Ceci est juste une page simple pour tester des choses.,Ğ­Ñ‚Ğ¾ Ğ¿Ñ€Ğ¾ÑÑ‚Ğ¾ Ğ¿Ñ€Ğ¾ÑÑ‚Ğ°Ñ ÑÑ‚Ñ€Ğ°Ğ½Ğ¸Ñ†Ğ° Ğ´Ğ»Ñ Ñ‚ĞµÑÑ‚Ğ¸Ñ€Ğ¾Ğ²Ğ°Ğ½Ğ¸Ñ.,ÄÃ¢y chá»‰ lÃ  má»™t trang Ä‘Æ¡n giáº£n Ä‘á»ƒ thá»­ nghiá»‡m má»i thá»©.,è¿™åªæ˜¯ä¸€ä¸ªç”¨äºæµ‹è¯•çš„ç®€å•é¡µé¢ã€‚
pages.test.title,,Test,Prueba,Test,Ğ¢ĞµÑÑ‚,Kiá»ƒm tra,æµ‹è¯•
pinned,,Pinned,Fijados,Ã‰pinglÃ©,Ğ—Ğ°ĞºÑ€ĞµĞ¿Ğ»ĞµĞ½Ğ¾,ÄÃ£ ghim,å·²å›ºå®š
recent,,Recent,Recientes,RÃ©cent,ĞĞµĞ´Ğ°Ğ²Ğ½Ğ¸Ğµ,Gáº§n Ä‘Ã¢y,æœ€è¿‘
settings,,Settings,ConfiguraciÃ³n,ParamÃ¨tres,ĞĞ°ÑÑ‚Ñ€Ğ¾Ğ¹ĞºĞ¸,CÃ i Ä‘áº·t,è®¾ç½®
tip.holdShift,,"Hold ""Shift"" to skip confirmation","MantÃ©n presionado ""Shift"" para omitir la confirmaciÃ³n","Maintenez ""Maj"" pour ignorer la confirmation","Ğ£Ğ´ĞµÑ€Ğ¶Ğ¸Ğ²Ğ°Ğ¹Ñ‚Ğµ ""Shift"", Ñ‡Ñ‚Ğ¾Ğ±Ñ‹ Ğ¿Ñ€Ğ¾Ğ¿ÑƒÑÑ‚Ğ¸Ñ‚ÑŒ Ğ¿Ğ¾Ğ´Ñ‚Ğ²ĞµÑ€Ğ¶Ğ´ĞµĞ½Ğ¸Ğµ","Giá»¯ phÃ­m ""Shift"" Ä‘á»ƒ bá» qua xÃ¡c nháº­n","æŒ‰ä½ ""Shift"" è·³è¿‡ç¡®è®¤"
welcome,,Welcome,Bienvenido,Bienvenue,Ğ”Ğ¾Ğ±Ñ€Ğ¾ Ğ¿Ğ¾Ğ¶Ğ°Ğ»Ğ¾Ğ²Ğ°Ñ‚ÑŒ,ChÃ o má»«ng,æ¬¢è¿
nickname,,Nickname,Apodo,Pseudo,ĞĞ¸ĞºĞ½ĞµĞ¹Ğ¼,Biá»‡t danh,æ˜µç§°
